Symbol,Security Name,Industry
3MINDIA,3M India Ltd.,TRADING
8KMILES,8K Miles Soft Services Ltd.,COMPUTERS - SOFf WARE
AARTIDRUGS,Aarti Drugs Ltd.,PHARMACEUTICALS
AARTIIND,Aarti Industries Ltd.,CHEMICALS - SPECIALITY
ABAN,Aban Offshore Ltd.,OIL   EXPLORATION/PRODUCTION
ABB,ABB India Ltd.,ELECTRICAL EQUIPMENT
ABFRL,Aditya Birla Fashion and Retail Ltd.,MISCELLANEOUS
ACC,ACC Ltd.,CEMENT AND CEMENT PRODUCTS
ADANIENT,Adani Enterprises Ltd.,TRADING
ADANIPORTS,Adani Ports and Special Economic Zone Ltd.,SHIPPING
ADANIPOWER,Adani Power Ltd.,POWER
ADANITRANS,Adani Transmission Ltd.,POWER
AEGISCHEM,Aegis Logistics Ltd.,PETROCHEMICALS
AHLUCONT,Ahluwalia Contracts (India) Ltd.,CONSTRUCTION
AIAENG,AIA Engineering Ltd.,ELECTRICAL EQUIPMENT
AIL,Alstom India Ltd.,ELECTRICAL EQUIPMENT
AJANTPHARM,Ajanta Pharmaceuticals Ltd.,PHARMACEUTICALS
AKZOINDIA,Akzo Nobel India Ltd.,PAINTS
ALBK,Allahabad Bank,BANKS
ALLCARGO,Allcargo Logistics Ltd.,TRAVEL AND TRANSPORT
ALOKTEXT,Alok Industries Ltd.,TEXTILE PRODUCTS
ALSTOMT&D,Alstom T&D India Ltd.,ELECTRICAL EQUIPMENT
AMARAJABAT,Amara Raja Batteries Ltd.,AUTO ANCILLARIES
AMBUJACEM,Ambuja Cements Ltd.,CEMENT AND CEMENT PRODUCTS
AMTEKAUTO,Amtek Auto Ltd.,AUTO ANCILLARIES
ANANTRAJ,Anant Raj Ltd.,CONSTRUCTION
ANDHRABANK,Andhra Bank,BANKS
APARINDS,Apar Industries Ltd.,ELECTRICAL EQUIPMENT
APLLTD,Alembic Pharmaceuticals Ltd.,PHARMACEUTICALS
APOLLOHOSP,Apollo Hospitals Enterprises Ltd.,MISCELLANEOUS
APOLLOTYRE,Apollo Tyres Ltd.,TYRES
ARVIND,Arvind Ltd.,TEXTILE PRODUCTS
ASHIANA,Ashiana Housing Ltd.,CONSTRUCTION
ASHOKA,Ashoka Buildcon  Ltd.,CONSTRUCTION
ASHOKLEY,Ashok Leyland Ltd.,AUTOMOBILES - 4 WHEELERS
ASIANPAINT,Asian Paints Ltd.,PAINTS
ASTRAL,Astral Poly Technik Ltd.,PLASTIC AND PLASTIC PRODUCTS
ASTRAZEN,AstraZenca Pharma India Ltd.,PHARMACEUTICALS
ATUL,Atul Ltd.,CHEMICALS - SPECIALITY
AUROPHARMA,Aurobindo Pharma Ltd.,PHARMACEUTICALS
AXISBANK,Axis Bank Ltd.,BANKS
BAJAJ-AUTO,Bajaj Auto Ltd.,AUTOMOBILES - 2 AND 3 WHEELERS
BAJAJCORP,Bajaj Corp Ltd.,PERSONAL CARE
BAJAJELEC,Bajaj Electricals Ltd,CONSUMER DURABLES
BAJAJFINSV,Bajaj Finserv Ltd.,FINANCE
BAJAJHIND,Bajaj Hindu sthan Sugar Ltd.,SUGAR
BAJAJHLDNG,Bajaj Holdings & Investment Ltd.,FINANCE
BAJFINANCE,Bajaj Finance Ltd.,FINANCE
BALKRISIND,Balkrishna Industries Ltd.,TYRES
BALLARPUR,Ballarpur Industries Ltd.,PAPER AND PAPER PRODUCTS
BALMLAWRIE,Balmer Lawrie & Co. Ltd.,TRAVEL AND TRANSPORT
BALRAMCHIN,Balrampur Chini Mills Ltd.,SUGAR
BANKBARODA,Bank of Baroda,BANKS
BANKlNDIA,Bank oflndia,BANKS
BASF,BASF India Ltd.,CHEMICALS - SPECIALITY
BATAINDIA,Bata India Ltd.,LEATHER AND LEATHER PRODUCTS
BBTC,Bombay Burmah Trading Corporation Ltd.,FOOD AND FOOD PROCESSING
BEL,Bharat Electronics Ltd.,ELECTRONICS - INDUSTRIAL
BEML,BEML Ltd.,ENGINEERING
BERGEPAINT,Berger Paints India Ltd.,PAINTS
BFUTILITIE,BF Utilities Ltd.,CONSTRUCTION
BGRENERGY,BGR Energy Systems Ltd,ENGINEERING
BHARATFORG,Bharat Forge Ltd.,CASTINGS/FORGINGS
BHARTIARTL,Bharti Airtel Ltd.,TELECOMMUNICATION - SERVICES
BHEL,Bharat Heavy Electricals Ltd.,ELECTRICAL EQUIPMENT
BHUSANSTL,Bhushan Steel Ltd.,STEEL AND STEEL PRODUCTS
BIOCON,Biocon Ltd.,PHARMACEUTICALS
BIRLACORPN,Birla Corporation Ltd.,CEMENT AND CEMENT PRODUCTS
BLISSGVS,Bliss GVS Pharma Ltd.,PHARMACEUTICALS
BLUEDART,Blue Dart Express Ltd.,TRAVEL AND TRANSPORT
BLUESTARCO,Blue Star Ltd.,AIRCONDITIONERS
BPCL,Bharat Petroleum Corporation Ltd.,REFINERIES
BRFL,Bombay Rayon Fashions Ltd.,TEXTILE PRODUCTS
BRIGADE,Brigade Enterprises Ltd.,CONSTRUCTION
BRITANNIA,Britannia Indu stries Ltd.,FOOD AND FOOD PROCESSING
CADILAHC,Cadila Healthcare Ltd.,PHARMACEUTICALS
CAIRN,Cairn India Ltd.,OIL   EXPLORATION/PRODUCTION
CANBK,Canara Bank,BANKS
CANFINHOME,Can Fin Homes Ltd.,FINANCE - HOUSING
CAPF,Capital First Ltd.,FINANCE
CAPLIPOINT,Caplin Point Laboratories Ltd.,PHARMACEUTICALS
CARERATING,CARE Ltd.,FINANCE
CASTEXTECH,Castex Technologies Ltd.,AUTO ANCILLARIES
CASTROLIND,Castro! India Ltd.,PETROCHEMICALS
CCL,CCL Products (I) Ltd.,TEA AND COFFEE
CEATLTD,Ceat Ltd.,TYRES
CENTRALBK,Central Bank of India,BANKS
CENTURYPLY,Century Plyboards (India) Ltd.,CONSTRUCTION
CENTURYTEX,Century Textile & Industries Ltd.,CEMENT AND CEMENT PRODUCTS
CERA,Cera Sanitaryware Ltd,CERAMICS AND SANITARYWARE
CESC,CESC Ltd.,POWER
CHAMBLFERT,Chambal Fertilizers & Chemicals Ltd.,FERTILISERS
CLNINDIA,Clariant Chemicals (India) Ltd.,DYES AND PIGMENTS
COALINDIA,Coal India Ltd.,MINING
COLPAL,Colgate Palmolive (India) Ltd.,PERSONAL CARE
CONCOR,Container Corporation  of India Ltd.,TRAVEL AND TRANSPORT
COROMANDEL,Coromandel International Ltd.,FERTILISERS
CORPBANK,Corporation Bank,BANKS
COX&KINGS,Cox & Kings Ltd.,TRAVEL AND TRANSPORT
CRISIL,CRISIL Ltd.,FINANCE
CUB,City Union Bank Ltd.,BANKS
CUMMINSIND,Cwnmins India Ltd.,DIESEL ENGINES
CYIENT,Cyient Ltd.,COMPUTERS - SOFf WARE
DABUR,Dabur India Ltd.,PERSONAL CARE
DALMIABHA,Dalmia Bharat Ltd.,CEMENT AND CEMENT PRODUCTS
DBCORP,D.B.Corp Ltd.,PRINTING AND PUBLISHING
DBREALTY,D B Realty Ltd.,CONSTRUCTION
DCBBANK,DCB Bank Ltd.,BANKS
DCMSHRIRAM,DCM Shrirarn Ltd.,DIVERSIFIED
DEEPAKFERT,Deepak Fertilisers & Petrochemicals Corp. Ltd.,CHEMICALS - INORGANIC
DELTACORP,Delta Corp Ltd.,CONSTRUCTION
DEN,Den Networks Ltd.,MEDIA & ENTERTAINMENT
DENABANK,Dena Bank,BANKS
DHANUKA,Dhanuka Agritech Ltd.,PESTICIDES AND AGROCHEMICALS
DHFL,Dewan Housing Finance Corporation Ltd.,FINANCE - HOUSING
DISHMAN,"Dishman Pharmaceutical s &
Chemicals Ltd.",PHARMACEUTICALS
DISHTV,Dish TV India Ltd.,MEDIA & ENTERTAINMENT
DIVISLAB,Divi's Laboratories Ltd.,PHARMACEUTICALS
DLF,DLF Ltd.,CONSTRUCTION
DREDGECORP,Dredging Corporation of India Ltd.,SHIPPING
DRREDDY,Dr. Reddy's Laboratories Ltd.,PHARMACEUTICALS
DYNAMATECH,Dynarnatic Technologies Ltd.,AUTO ANCILLARIES
ECLERX,eClerx Services Ltd.,COMPUTERS - SOFf WARE
EDELWEISS,Edelweiss Financial Services Ltd.,FINANCE
EICHERMOT,Eicher Motors Ltd.,AUTOMOBILES - 4 WHEELERS
EIDPARRY,E.I.D. Parry (India) Ltd.,FERTILISERS
EIHOTEL,EIH Ltd.,HOTELS
ELECTCAST,Electrosteel Castings Ltd.,CASTINGS/FORGINGS
ELGIEQUIP,Elgi Equipments Ltd.,COMPRESSORS / PUMPS
EMAMILTD,Emami Ltd.,PERSONAL CARE
ENGINERSIN,Engineers India Ltd.,ENGINEERING
EROSMEDIA,Eros Intl Media Ltd.,MEDIA & ENTERTAINMENT
ESCORTS,Escorts Ltd.,AUTOMOBILES - 4 WHEELERS
ESSDEE,Ess Dee Aluminium Ltd.,PACKAGING
ESSELPACK,Essel Propack Ltd.,PACKAGING
EVEREADY,Eveready Industries India Ltd.,ELECTRICAL EQUIPMENT
EXIDEIND,Exide Industries Ltd.,AUTO ANCILLARIES
FAGBEARING,Fag Bearings India Ltd.,BEARINGS
FCEL,Future Consumer Enterprise Ltd.,MISCELLANEOUS
FDC,FDC Ltd.,PHARMACEUTICALS
FEDERALBNK,Federal Bank Ltd.,BANKS
FINANTECH,Financial Technologies (India) Ltd.,COMPUTERS - SOFTWARE
FINCABLES,Finolex Cables Ltd.,CABLES - POWER
FINPIPE,Finolex Industries Ltd.,PLASTIC AND PLASTIC PRODUCTS
FLFL,Future Lifestyle Fashions Ltd.,MISCELLANEOUS
FORTIS,Fortis Healthcare Ltd.,MISCELLANEOUS
FSL,Firstsource Solutions Ltd.,COMPUTERS - SOFTWARE
GAIL,GAIL (India) Ltd.,GAS
GATI,Gati Ltd.,TRAVEL AND TRANSPORT
GAYAPROJ,Gayatri Projects Ltd.,CONSTRUCTION
GDL,Gateway Distriparks Ltd.,TRAVEL AND TRANSPORT
GESHIP,Great Eastern Shipping Co. Ltd.,SHIPPING
GILLETTE,Gillette India Ltd.,PERSONAL CARE
GLAXO,Glaxosmithkline Pharmaceuticals Ltd.,PHARMACEUTICALS
GLENMARK,Glenmark Pharmaceuticals Ltd.,PHARMACEUTICALS
GLOBOFFS,Global Offshore Services Ltd.,SHIPPING
GMDCLTD,Gujarat Mineral Development Corporation Ltd.,MINING
GMRINFRA,GMR Infrastructure Ltd.,CONSTRUCTION
GODFRYPHLP,Godfrey Phillips India Ltd.,CIGARETTES
GODREJCP,Godrej Consumer Products Ltd.,PERSONAL CARE
GODREJIND,Godrej Industries Ltd.,FOOD AND FOOD PROCESSING
GODREJPROP,Godrej Properties Ltd.,CONSTRUCTION
GPPL,Gujarat Pipavav Port Ltd.,SHIPPING
GRANULES,Granules India Ltd.,PHARMACEUTICALS
GRASIM,Grasim Industries Ltd.,CEMENT AND CEMENT PRODUCTS
GREAVESCOT,Greaves Cotton Ltd.,DIESEL ENGINES
GREENPLY,Greenply Industries Ltd.,CONSTRUCTION
GRINDWELL,Grindwell Norton Ltd.,ABRASIVES
GRUH,Gruh Finance Ltd.,FINANCE - HOUSING
GSFC,Gujarat State Fertilizers & Chemicals Ltd.,FERTILISERS
GSKCONS,GlaxoSmithkline Consumer Healthcare Ltd.,FOOD AND FOOD PROCESSING
GSPL,Gujarat State Petrone! Ltd.,GAS
GUJFLUORO,Gujarat Fluorochemicals Ltd.,CHEMICALS - ORGANIC
GUJGASLTD,Gujarat Gas Ltd.,GAS
GULFOILLUB,Gulf Oil Lubricants India Ltd.,LUBRICANTS
HCL-INSYS,HCL Infosystems Ltd.,COMPUTERS - HARDWARE
HCLTECH,HCL Technologies Ltd.,COMPUTERS - SOFTWARE
HDFC,Hou sing Development  Finance Corporation  Ltd.,FINANCE - HOUSING
HDFCBANK,HDFC Bank Ltd.,BANKS
HDIL,Housing Development and Infrastructure Ltd.,CONSTRUCTION
HEIDELBERG,HeidelbergCement India Ltd.,CEMENT AND CEMENT PRODUCTS
HEROMOTOCO,Hero MotoCorp Ltd.,AUTOMOBILES - 2 AND 3 WHEELERS
HEXAWARE,Hexaware Technologies Ltd.,COMPUTERS - SOFTWARE
HFCL,Himachal Fut Com Ltd.,TELECOMMUNICATION - EQUIPMENT
HIMATSEIDE,Himatsingka Seide Ltd.,TEXTILE PRODUCTS
HINDALCO,Hindalco Industries Ltd.,ALUMINIUM
HINDCOPPER,Hindu stan Copper Ltd.,METALS
HINDPETRO,Hindu stan Petroleum  Corporation Ltd.,REFINERIES
HINDUNILVR,Hindu stan Unilever Ltd.,DIVERSIFIED
HINDZINC,Hindustan Zinc Ltd.,METALS
HITACHIHOM,Hitachi Home & Life Solutions (India) Ltd.,AIRCONDITIONERS
HMT,HMT Ltd.,AUTOMOBILES - 4 WHEELERS
HMVL,Hindustan Media Vent Ltd.,PRINTING AND PUBLISHING
HONAUT,Honeywell Automation India Ltd.,ELECTRONICS - INDUSTRIAL
HOTELEELA,Hotel Leela Venture Ltd.,HOTELS
HSIL,HSIL Ltd.,PACKAGING
HTMEDIA,HT Media Ltd.,PRINTING AND PUBLISHING
IBREALEST,Indiabulls Real Estate Ltd.,CONSTRUCTION
IBULHSGFIN,Indiabulls Housing Finance Ltd.,FINANCE - HOUSING
ICICIBANK,ICICI Bank Ltd.,BANKS
ICIL,Indo Count Industries Ltd.,TEXTILES - COTTON
ICRA,ICRA Ltd.,FINANCE
IDBI,IDBI Bank Ltd.,BANKS
IDEA,Idea Cellular Ltd.,TELECOMMUNICATION - SERVICES
IDFC,IDFC Ltd.,FINANCIAL INSTITUTION
IFBIND,IFB Industries Ltd.,CONSUMER DURABLES
IFCI,IFCI Ltd.,FINANCIAL INSTITUTION
IGARASHI,Igarashi Motors India Ltd.,AUTO ANCILLARIES
IGL,Indraprastha Gas Ltd.,GAS
IIFL,IIFL Holdings Ltd.,FINANCE
IL&FSTRANS,IL&FS Transportation Networks Ltd.,TRAVEL AND TRANSPORT
INDHOTEL,Indian Hotels Co. Ltd.,HOTELS
INDIACEM,India Cements Ltd.,CEMENT AND CEMENT PRODUCTS
INDIANB,Indian Bank,BANKS
INDOCO,Indoco Remedies Ltd.,PHARMACEUTICALS
INDUSINDBK,Indu sind Bank Ltd.,BANKS
INEOSSTYRO,INEOS Styrolution India Ltd.,PLASTIC AND PLASTIC PRODUCTS
INFRATEL,Bharti Infratel Ltd.,TELECOMMUNICATION - EQUIPMENT
INFY,Infosys Ltd.,COMPUTERS - SOFTWARE
INGERRAND,Ingersoll Rand (India) Ltd.,COMPRESSORS / PUMPS
INOXLEISUR,Inox Leisure Ltd.,MEDIA & ENTERTAINMENT
INOXWIND,Inox Wind Ltd.,ELECTRICAL EQUIPMENT
IRB,IRB Infrastructure Developers Ltd.,CONSTRUCTION
ITC,I T C Ltd.,CIGARETTES
J&KBANK,Jammu & Kashmir Bank Ltd.,BANKS
JAGRAN,Jagran Praka shan Ltd.,PRINTING AND PUBLISHING
JAICORPLTD,Jai Corp Ltd.,PLASTIC AND PLASTIC PRODUCTS
JBCHEPHARM,J.B. Chemicals & Pharmaceuticals Ltd.,PHARMACEUTICALS
JBFIND,JBF Industries Ltd.,TEXTILES - SYNTHETIC
JETAIRWAYS,Jet Airways (India) Ltd.,TRAVEL AND TRANSPORT
JINDALPOLY,Jindal Poly Films Ltd.,PACKAGING
JINDALSTEL,Jindal Steel & Power Ltd.,STEEL AND STEEL PRODUCTS
JISLJALEQS,Jain Irrigation Systems Ltd.,PLASTIC AND PLASTIC PRODUCTS
JKCEMENT,J.K. Cement Ltd.,CEMENT AND CEMENT PRODUCTS
JKIL,J.Kumar Infraprojects Ltd.,CONSTRUCTION
JKLAKSHMI,JK Lakshmi Cement Ltd.,CEMENT AND CEMENT PRODUCTS
JKTYRE,JK Tyre & Industries Ltd.,TYRES
JMFINANCIL,JM Financial Ltd.,FINANCE
JMTAUTOLTD,JMT Auto Ltd.,AUTO ANCILLARIES
JPASSOCIAT,Jaiprakash Associates Ltd.,CONSTRUCTION
JPINFRATEC,Jaypee Infratech Ltd.,CONSTRUCTION
JPPOWER,Jaiprakash Power Ventures Ltd.,POWER
JSWENERGY,JSW Energy Ltd.,POWER
JSWHL,JSW Holdings Ltd.,FINANCE
JSWSTEEL,JSW Steel Ltd.,STEEL AND STEEL PRODUCTS
JUBILANT,Jubilant Life Sciences Ltd.,PHARMACEUTICALS
JUBLFOOD,Jubilant Foodworks Ltd.,FOOD AND FOOD PROCESSING
JUSTDIAL,Justdial Ltd.,COMPUTERS - SOFTWARE
JYOTHYLAB,Jyothy Laboratories Ltd.,PERSONAL CARE
KAJARIACER,Kajaria Ceramics Ltd.,CERAMICS AND SANITARYWARE
KALPATPOWR,Kalpataru Power Transmission Ltd.,TRANSMISSION TOWERS
KANSAINER,Kansai Nerolac Paints Ltd.,PAINTS
KARURVYSYA,Karur Vysya Bank Ltd.,BANKS
KEC,Kee International Ltd.,ENGINEERING
KESORAMIND,Kesoram Industries Ltd.,TYRES
KIRLOSENG,Kirloskar Oil Eng Ltd.,DIESEL ENGINES
KITEX,Kitex Garments Ltd.,TEXTILE PRODUCTS
KOLTEPATIL,Kolte-Patil Developers Ltd.,CONSTRUCTION
KOTAKBANK,Kotak Mahindra Bank Ltd.,BANKS
KPIT,KPIT Technologies Ltd.,COMPUTERS - SOFf WARE
KPRMILL,K.P.R. Mill Ltd.,TEXTILE PRODUCTS
KRBL,KRBL Ltd.,FOOD AND FOOD PROCESSING
KSCL,Kaveri Seed Company Ltd.,FOOD AND FOOD PROCESSING
KSK,KSK Energy Ventures Ltd,POWER
KTKBANK,Karnataka Bank Ltd.,BANKS
KWALITY,Kwality Ltd.,FOOD AND FOOD PROCESSING
L&TFH,L&T Finance Holdings Ltd.,FINANCE
LAKSHVILAS,Lakshmi Vilas Bank Ltd.,BANKS
LAOPALA,La Opala RG Ltd.,MISCELLANEOUS
LAXMIMACH,Lakshmi Machine Works Ltd.,TEXTILE MACHINERY
LICHSGFIN,LIC Housing Finance Ltd.,FINANCE - HOUSING
LITL,Lanco Infratech Ltd.,CONSTRUCTION
LT,Larsen & Toubro Ltd.,ENGINEERING
LUPIN,Lupin Ltd.,PHARMACEUTICALS
M&M,Mahindra & Mahindra Ltd.,AUTOMOBILES - 4 WHEELERS
M&MFIN,Mahindra & Mahindra Financial Services Ltd.,FINANCE
MAGMA,Magma Fincorp Ltd.,FINANCE
MAHLIFE,Mahindra Lifespace Developers Ltd.,CONSTRUCTION
MANAPPURAM,Manappuram Finance Ltd.,FINANCE
MANPASAND,Manpasand Beverages Ltd.,FOOD AND FOOD PROCESSING
MARICO,Marico Ltd.,PERSONAL CARE
MARKSANS,Marksans Pharma Ltd.,PHARMACEUTICALS
MARUTI,Maruti Suzuki India Ltd.,AUTOMOBILES - 4 WHEELERS
MAYURUNIQ,Mayur Uniquoters Ltd.,TEXTILE PRODUCTS
MCDOWELL-N,United Spirits Ltd.,BREW/DISTILLERIES
MCLEODRUSS,McLeod Russel India Ltd.,TEA AND COFFEE
MERCK,Merck Ltd.,PHARMACEUTICALS
MHRIL,Mahindra Holidays & Resorts India Ltd.,HOTELS
MINDACORP,Minda Corporation Ltd.,AUTO ANCILLARIES
MINDTREE,MindTree Ltd.,COMPUTERS - SOFTWARE
MMTC,MMTC Ltd.,TRADING
MOIL,MOIL Ltd.,METALS
MONSANTO,Monsanto India Ltd.,PESTICIDES AND AGROCHEMICALS
MOTHERSUMI,Motherson Sumi Systems Ltd.,AUTO ANCILLARIES
MOTILALOFS,Motilal Oswal Financial Services Ltd.,FINANCE
MPHASIS,MphasiS Ltd.,COMPUTERS - SOFTWARE
MRF,MRF Ltd.,TYRES
MRPL,"Mangalore Refinery &
Petrochemicals Ltd.",REFINERIES
MTNL,Mahanagar Telephone Nigam Ltd.,TELECOMMUNICATION - SERVICES
MUTHOOTFIN,Muthoot Finance Ltd.,FINANCE
NATCOPHARM,NATCO Pharma Ltd.,PHARMACEUTICALS
NATIONALUM,National Aluminium Co. Ltd.,ALUMINIUM
NAUKRI,Info Edge (India) Ltd.,COMPUTERS - SOFTWARE
NAVKARCORP,Navkar Corporation Ltd.,TRAVEL AND TRANSPORT
NBCC,NBCC (India) Ltd.,CONSTRUCTION
NCC,NCC Ltd.,CONSTRUCTION
NETWORK18,Networkl8 Media & Investments Ltd.,MEDIA & ENTERTAINMENT
NEYVELILIG,Neyveli Lignite Corporation Ltd.,POWER
NHPC,NHPC Ltd.,POWER
NIIITECH,NIIT Technologies Ltd.,COMPUTERS - SOFf WARE
NITINFIRE,Nitin Fire Protection Industries Ltd.,MISCELLANEOUS
NMDC,NMDC Ltd.,MINING
NTPC,NTPC Ltd.,POWER
OBEROIRLTY,Oberoi Realty Ltd.,CONSTRUCTION
OFSS,Oracle Financial Services Software Ltd.,COMPUTERS - SOFf WARE
OIL,Oil India Ltd.,OIL EXPLORATION/PRODUCTION
OMAXE,Omaxe Ltd.,CONSTRUCTION
ONGC,Oil & Natural Gas Corporation Ltd.,OIL EXPLORATION/PRODUCTION
ORIENTBANK,Oriental Bank of Commerce,BANKS
ORIENTCEM,Orient Cement Ltd.,CEMENT AND CEMENT PRODUCTS
ORISSAMINE,Orissa Min Dev Co Ltd.,MINING
PAGEIND,Page Industries Ltd.,TEXTILE PRODUCTS
PARSVNATH,Parsvnath Developer Ltd.,CONSTRUCTION
PCJEWELLER,PC Jeweller Ltd.,GEMS JEWELLERY AND WATCHES
PEL,Piramal Enterprises Ltd.,PHARMACEUTICALS
PERSISTENT,Persistent Systems Ltd.,COMPUTERS - SOFf WARE
PETRONET,Petronet LNG Ltd.,GAS
PFC,Power Finance Corporation Ltd.,FINANCIAL INSTITUTION
PFIZER,Pfizer Ltd.,PHARMACEUTICALS
PFS,PTC India Fin Serv Ltd.,FINANCE
PGHH,Procter & Gamble Hygiene & Health Care Ltd.,PERSONAL CARE
PHOENIXLTD,Phoenix Mills Ltd.,CONSTRUCTION
PIDILITIND,Pidilite Industries Ltd.,CHEMICALS - SPECIALITY
PIIND,PI Industries Ltd.,PESTICIDES AND AGROCHEMICALS
PNB,Punjab National Bank,BANKS
PNCINFRA,PNC Infratech Ltd.,CONSTRUCTION
POLARIS,Polaris Consulting & Services Ltd.,COMPUTERS - SOFf WARE
POWERGRID,Power Grid Corporation  of India Ltd.,POWER
PRAJIND,Praj Industries Ltd.,ENGINEERING
PRESTIGE,Prestige Estates Projects Ltd.,CONSTRUCTION
PRISMCEM,Prism Cement Ltd.,CEMENT AND CEMENT PRODUCTS
PTC,PTC India Ltd.,POWER
PUNJLLOYD,Punj Lloyd Ltd.,CONSTRUCTION
PURVA,Puravankara Projects Ltd.,CONSTRUCTION
PVR,PVR Ltd.,MEDIA & ENTERTAINMENT
RADICO,Radico Khaitan Ltd,BREW/DISTILLERIES
RAYMOND,Raymond Ltd.,TEXTILE PRODUCTS
RCF,Rashtriya Chemicals & Fertilizers Ltd.,FERTILISERS
RCOM,Reliance Communications Ltd.,TELECOMMUNICATION - SERVICES
RDEL,Reliance Defence and Engineering Ltd.,SHIPPING
RECLTD,Rural Electrification Corporation Ltd.,FINANCIAL INSTITUTION
REDINGTON,Redington (India) Ltd.,TRADING
RELAXO,Relaxo Footwears Ltd.,LEATHER AND LEATHER PRODUCTS
RELCAPITAL,Reliance Capital Ltd.,FINANCE
RELIANCE,Reliance Industries Ltd.,REFINERIES
RELINFRA,Reliance Infrastructure Ltd.,POWER
RENUKA,Shree Renuka Sugars Ltd.,SUGAR
REPCOHOME,Repco Home Finance Ltd.,FINANCE - HOUSING
RIIL,Reliance Industrial Infrastructure Ltd.,ENGINEERING
RKFORGE,Ramkrishna Forgings Ltd.,CASTINGS/FORGINGS
ROLTA,Rolta India Ltd.,COMPUTERS - SOFTWARE
RPOWER,Reliance Power Ltd.,POWER
RTNPOWER,Rattanindia Power Ltd.,POWER
RUCHISOYA,Ruchi Soya Industries Ltd.,SOLVENT EXTRACTION
SADBHAV,Sadbhav Engineering Ltd.,CONSTRUCTION
SADBHIN,Sadbhav Infrastructure Project Ltd.,ENGINEERING
SAIL,Steel Authority oflndia Ltd.,STEEL AND STEEL PRODUCTS
SANOFI,Sanofi India Ltd.,PHARMACEUTICALS
SBBJ,State Bank of Bikaner & Jaipur Ltd.,BANKS
SEIN,State Bank oflndia,BANKS
SCHNEIDER,Schneider Electric Infrastructure Ltd.,ELECTRICAL EQUIPMENT
SCI,Shipping Corporation  ofTndia Ltd.,SHIPPING
SHARDACROP,Sharda Cropchem Ltd.,PESTICIDES AND AGROCHEMICALS
SHILPAMED,Shilpa Medicare Ltd.,PHARMACEUTICALS
SHK,S H Kelkar and Company Ltd.,FOOD AND FOOD PROCESSING
SHOPERSTOP,Shoppers Stop Ltd.,MISCELLANEOUS
SHREECEM,Shree Cement Ltd.,CEMENT AND CEMENT PRODUCTS
SHRIRAMCIT,Shriram City Union Finance Ltd.,FINANCE
SIEMENS,Siemens Ltd.,ELECTRICAL EQUIPMENT
SIMPLEXINF,Simplex Infrastructures Ltd.,CONSTRUCTION
SINTEX,Sintex Industries Ltd.,PLASTIC AND PLASTIC PRODUCTS
SITICABLE,Siti Cable Network Ltd.,MEDIA & ENTERTAINMENT
SJVN,SJVN Ltd.,POWER
SKFINDIA,SKF India Ltd.,BEARINGS
SKSMICRO,SKS Microfinance Ltd.,FINANCE
SMLISUZU,SML Isuzu Ltd.,AUTOMOBILES - 4 WHEELERS
SNOWMAN,Snowman Logistics Ltd.,TRAVEL AND TRANSPORT
SOBHA,Sobha Ltd.,CONSTRUCTION
SOLARINDS,Solar Industries India Ltd.,CHEMICALS - SPECIALITY
SOMANYCERA,Somany Ceramics Ltd.,CERAMICS AND SANITARYWARE
SONATSOFTW,Sonata Software Ltd.,COMPUTERS - SOFTWARE
SOUTHBANK,South Indian Bank Ltd.,BANKS
SPARC,Sun Pharma Advanced Research Company Ltd.,PHARMACEUTICALS
SREINFRA,SREI Infrastructure Finance Ltd.,FINANCE
SRF,SRF Ltd.,TEXTILES - SYNTHETIC
SRTRANSFIN,Shriram Transport Finance Co. Ltd.,FINANCE
STAR,Strides Shasun Ltd.,PHARMACEUTICALS
STCINDIA,State Trading Corporation of India Ltd.,TRADING
SUNDARMFIN,Sundaram Finance Ltd.,FINANCE
SUNDRMFAST,Sundram Fasteners Ltd.,FASTNERS
SUNPHARMA,Sun Pharmaceutical Industries Ltd.,PHARMACEUTICALS
SUNTECK,Sunteck Realty Ltd.,CONSTRUCTION
SUNTV,Sun TV Network Ltd.,MEDIA & ENTERTAINMENT
SUPREMEIND,Supreme Industries Ltd.,PLASTIC AND PLASTIC PRODUCTS
SUVEN,Suven Life Sciences Ltd.,PHARMACEUTICALS
SUZLON,Suzlon Energy Ltd.,ELECTRICAL EQUIPMENT
SWANENERGY,Swan Energy Ltd.,CONSTRUCTION
SYMPHONY,Symphony Ltd.,CONSUMER DURABLES
SYNDIBANK,Syndicate Bank,BANKS
SYNGENE,Syngene International Ltd.,PHARMACEUTICALS
TAKE,Take Solutions Ltd.,COMPUTERS - SOFf WARE
TATACHEM,Tata Chemicals Ltd.,CHEMICALS - INORGANIC
TATACOFFEE,Tata Coffee Ltd.,TEA AND COFFEE
TATACOMM,Tata Communications Ltd.,TELECOMMUNICATION - SERVICES
TBZ,Tribhovandas Bhimji Zaveri Ltd.,GEMS JEWELLERY AND WATCHES
TCS,Tata Consultancy Services Ltd.,COMPUTERS - SOFf WARE
TECHM,Tech Mahindra Ltd.,COMPUTERS - SOFf WARE
TECHNO,Techno Elt & Eng Co. Ltd.,ENGINEERING
TEXRAIL,Texmaco Rail & Eng. Ltd.,ENGINEERING
THERMAX,Thermax Ltd.,ELECTRICAL EQUIPMENT
THOMASCOOK,Thomas Cook (India) Ltd.,TRAVEL AND TRANSPORT
TIDEWATER,Tide Water Oil (India) Ltd.,LUBRICANTS
TIMKEN,Timken India Ltd.,BEARINGS
TITAN,Titan Company Ltd.,GEMS JEWELLERY AND WATCHES
TNPL,Tamil Nadu Newsprint & Papers Ltd.,PAPER AND PAPER PRODUCTS
TORNTPHARM,Torrent Pharmaceuticals Ltd.,PHARMACEUTICALS
TORNTPOWER,Torrent Power Ltd.,POWER
TREEHOUSE,Tree House Education & Accessories Ltd.,MISCELLANEOUS
TRENT,Trent Ltd.,MISCELLANEOUS
TRIDENT,Trident Ltd.,TEXTILE PRODUCTS
TRITURBINE,Triveni Turbine Ltd.,ELECTRICAL EQUIPMENT
TTKPRESTIG,TTK Prestige Ltd.,CONSUMER DURABLES
TTML,Tata Teleservices (Maharashtra) Ltd.,TELECOMMUNICATION - SERVICES
TUBEINVEST,Tube Investments of India Ltd.,CYCLES
TV18BRDCST,TV18 Broadcast Ltd.,MEDIA & ENTERTAINMENT
TVSMOTOR,TVS Motor Company Ltd.,AUTOMOBILES - 2 AND 3 WHEELERS
TVSSRICHAK,TVS Srichakra Ltd.,TYRES
TVTODAY,TV Today Network Ltd.,MEDIA & ENTERTAINMENT
UBL,United Breweries Ltd.,BREW/DISTILLERIES
UCOBANK,UCO Bank,BANKS
UFLEX,UFLEX Ltd.,PACKAGING
ULTRACEMCO,UltraTech Cement Ltd.,CEMENT AND CEMENT PRODUCTS
UNICHEMLAB,Unichem Laboratories Ltd.,PHARMACEUTICALS
UNIONBANK,Union Bank oflndia,BANKS
UNITECH,Unitech Ltd.,CONSTRUCTION
UPL,UPL Ltd.,PESTICIDES AND AGROCHEMICALS
VAIBHAVGBL,Vaibhav Global Ltd.,MISCELLANEOUS
VAKRANGEE,Vakrangee Ltd.,COMPUTERS - SOFf WARE
VEDL,Vedanta Ltd.,MINING
VGUARD,V-Guard Industries Ltd.,ELECTRONICS - INDUSTRIAL
VIDEOIND,Videocon Industries Ltd.,CONSUMER DURABLES
VDAYABANK,Vijaya Bank,BANKS
VINATIORGA,Vinati Organics Ltd.,CHEMICALS - SPECIALITY
VIPIND,V.LP. Industries Ltd.,PLASTIC AND PLASTIC PRODUCTS
VOLTAS,Voltas Ltd.,ENGINEERING
VRLLOG,VRL Logistics Ltd.,TRAVEL AND TRANSPORT
VSTIND,VST Industries Ltd.,
YTL,Vardhman Textiles Ltd.,
WABAG,Va Tech Wabag Ltd.,
WABCOINDIA,WABCO India Ltd.,
WELCORP,Welspun Corp Ltd.,
WELSPUNIND,Welspun India Ltd.,
WHIRLPOOL,Whirlpool of India Ltd.,
WIPRO,Wipro Ltd.,
WOCKPHARMA,Wockhardt Ltd.,
WONDERLA,Wonderla Holidays Ltd.,
YESBANK,Yes Bank Ltd.,
ZEEL,Zee Entertainment Enterprises Ltd.,
ZEELEARN,Zee Learn Ltd.,
ZENSARTECH,Zensar Technolgies Ltd.,
ZYDUSWELL,Zydus Wellness Ltd.,
